Trace,Baseline,Accuracy,Coverage,MPKI,MPKI_Improvement,IPC,IPC_Improvement
654.roms-s7.trace.xz,no,N/A,0.0,19.55251960894961,N/A,0.506885,N/A
654.roms-s7.trace.xz,yours,N/A,0.0,19.55251960894961,0.0005114404105413448,0.506885,0.0
654.roms-s7.trace.xz,bo,75.31339884243769,65.61930061260584,6.722299865554003,65.61944128203791,1.12784,122.5041182911311
654.roms-s7.trace.xz,spp,98.30041723870191,37.425623473983435,12.234879755302405,37.425879498502,0.830358,63.81585566745909
654.roms-s7.trace.xz,sisb,99.95868290983316,33.160602151945476,13.068799738624007,33.160875626898076,0.697794,37.663178038411075
654.roms-s7.trace.xz,domino,55.97116983083368,25.2440094678333,14.616679707666407,25.244391800178185,0.589085,16.216696094774935
654.roms-s7.trace.xz,vldp,91.0138597560717,65.82039980483354,6.682979866340403,65.82053965146358,1.17007,130.83539658896984
