Trace,Baseline,Accuracy,Coverage,MPKI,MPKI_Improvement,IPC,IPC_Improvement
cc-14.trace.gz,no,N/A,0.0,22.62409954751801,N/A,0.239299,N/A
cc-14.trace.gz,yours,N/A,0.0,22.62409954751801,0.021035085284892455,0.239299,0.0
cc-14.trace.gz,bo,30.140572357975447,3.337870627922116,22.53953954920921,0.3947171885813087,0.239123,-0.07354815523675798
cc-14.trace.gz,spp,86.24690298359438,20.624634548945,18.40755963184881,18.654496956541333,0.277131,15.809510277936809
cc-14.trace.gz,sisb,38.217470768282205,13.83070875240165,21.62619956747601,4.430890464654421,0.242105,1.17259161133142
cc-14.trace.gz,domino,28.733601457553842,14.782028602578269,23.40243953195121,-3.4185548896409257,0.234672,-1.933564285684445
cc-14.trace.gz,vldp,57.913593645938676,22.943217074779522,18.92529962149401,16.366533709607992,0.27529,15.040179858670518
